
INSERT INTO regiones (id, nombre) VALUES (1, 'Sudamérica')
INSERT INTO regiones (id, nombre) VALUES (2, 'Centroamérica')
INSERT INTO regiones (id, nombre) VALUES (3, 'Norteamérica')
INSERT INTO regiones (id, nombre) VALUES (4, 'Europa')
INSERT INTO regiones (id, nombre) VALUES (5, 'Asia')
INSERT INTO regiones (id, nombre) VALUES (6, 'Oceanía')
INSERT INTO regiones (id, nombre) VALUES (7, 'Africa')
INSERT INTO regiones (id, nombre) VALUES (8, 'Antartica')

INSERT INTO clientes (region_id, nombre, apellido, email, create_at) VALUES (1, 'Andres', 'Guzman', 'profesor@bolsadeideas.com', '2018-01-01')
INSERT INTO clientes (region_id, nombre, apellido, email, create_at, foto) VALUES (2, 'Dario', 'Zubaray', 'dzubary@mail.com', '2019-01-16', '9218a8de-59b7-4d72-a36b-f3ca551ba5f4Penguins.jpg')
INSERT INTO clientes (region_id, nombre, apellido, email, create_at, foto) VALUES (2, 'Julieta', 'Zubaray', 'jzubaray@mail.com', '2019-10-28', 'ece4569c-ffaf-4229-a0a6-bb006e4cda60Tulips.jpg')
INSERT INTO clientes (region_id, nombre, apellido, email, create_at) VALUES (3, 'Agustin', 'Zubaray', 'azubaray@mail.com', '2019-07-18')
INSERT INTO clientes (region_id, nombre, apellido, email, create_at) VALUES (4, 'Benjamin', 'Zubaray', 'bzubaray@mail.com', '2019-09-07')
INSERT INTO clientes (region_id, nombre, apellido, email, create_at) VALUES (4, 'Lola', 'Rosa Zubaray', 'lrosa@mail.com', '2019-04-10')

INSERT INTO clientes (region_id, nombre, apellido, email, create_at) VALUES (5, 'Erich', 'Gamma', 'egamma@mail.com', '2019-04-10')
INSERT INTO clientes (region_id, nombre, apellido, email, create_at) VALUES (8, 'John', 'Vlissides', 'jvlissides@mail.com', '2019-04-10')
INSERT INTO clientes (region_id, nombre, apellido, email, create_at) VALUES (7, 'Richard', 'Helm', 'rhelm@mail.com', '2019-04-10')
INSERT INTO clientes (region_id, nombre, apellido, email, create_at) VALUES (3, 'Ralph', 'Johnson', 'rjohnson@mail.com', '2019-04-10')
INSERT INTO clientes (region_id, nombre, apellido, email, create_at) VALUES (3, 'Joshua', 'Bloch', 'jbloch@mail.com', '2019-04-10')
INSERT INTO clientes (region_id, nombre, apellido, email, create_at) VALUES (4, 'Robert C', 'Martin', 'rmartin@mail.com', '2019-04-10')
INSERT INTO clientes (region_id, nombre, apellido, email, create_at) VALUES (1, 'Craig', 'Walls', 'rwalls@mail.com', '2019-04-10')

INSERT INTO usuarios (username, password, enabled, nombre, apellido, email) VALUES ('dario', '$2a$10$N05.w4rbGY1EMC5N21IuruS7PeVz54vCF/b5kqRBPRVsa9Ey1D0o2', 1, 'Dario', 'Zubaray', 'dzubary@mail.com')
INSERT INTO usuarios (username, password, enabled, nombre, apellido, email) VALUES ('admin', '$2a$10$vF5QIpdbCvtl/h5mBYyjB.aQV0jXgh1k5YBlM1eJ0WFOZ5YaE80lC', 1, 'Julieta', 'Zubaray', 'jzubaray@mail.com')
INSERT INTO usuarios (username, password, enabled, nombre, apellido, email) VALUES ('usuario', '$2a$10$Y3iuApVlx/xUWyPrljIqy.Tk8t4a.XZCzmdH4r9ICJMvteMZ2kq5q', 1, 'Agustin', 'Zubaray', 'azubaray@mail.com')
INSERT INTO usuarios (username, password, enabled, nombre, apellido, email) VALUES ('invitado', '$2a$10$tYTCR67.D4eKG1aeojw8huht9R/1RaplaDdqFFxt8/lFnsF97uIU2', 1, 'Benjamin', 'Zubaray', 'bzubaray@mail.com')

INSERT INTO roles (nombre) VALUES ('ROLE_USER')
INSERT INTO roles (nombre) VALUES ('ROLE_ADMIN')

INSERT INTO usuarios_roles (usuario_id, role_id) VALUES (1, 1)
INSERT INTO usuarios_roles (usuario_id, role_id) VALUES (2, 2)
INSERT INTO usuarios_roles (usuario_id, role_id) VALUES (2, 1)
INSERT INTO usuarios_roles (usuario_id, role_id) VALUES (2, 2)
INSERT INTO usuarios_roles (usuario_id, role_id) VALUES (3, 1)
INSERT INTO usuarios_roles (usuario_id, role_id) VALUES (4, 1)